date,DCCI,DCCI_AHE,PCU236211236211,PCU236221236221,PCU236223236223,WPU801
2006-03-01,82.35739898842616,81.21193372364932,,78.29512893982809,,
2006-04-01,83.34011218549038,82.18520627292693,,79.36962750716332,,
2006-05-01,84.2146078710559,83.07795345584799,,79.36962750716332,,
2006-06-01,84.8257345298525,83.69646560689344,,79.36962750716332,79.87220447284345,
2006-07-01,85.68727625199173,84.56503493532384,,80.94555873925502,81.54952076677316,
2006-08-01,86.28545359778735,85.2452235917604,,80.94555873925502,81.54952076677316,
2006-09-01,86.50406607958946,85.5369423171477,,80.94555873925502,81.54952076677316,
2006-10-01,86.71377823696345,85.82581255958371,,83.2378223495702,83.78594249201278,
2006-11-01,86.36589229235842,85.41908606957016,,83.30945558739256,83.70607028753993,
2006-12-01,86.75898478431972,85.74017340491082,,83.2378223495702,83.70607028753993,
2007-01-01,87.08299978234562,86.00745187135662,,84.16905444126076,85.1437699680511,
2007-02-01,87.50915325321569,86.38467817374955,,84.16905444126076,85.1437699680511,
2007-03-01,87.80380333087989,86.63273478137464,,84.16905444126076,85.06389776357828,
2007-04-01,89.00455104989568,87.78309837684392,,84.2406876790831,85.62300319488818,
2007-05-01,89.54939514260909,88.34081832028566,,84.2406876790831,85.62300319488818,
2007-06-01,89.26742043653744,88.07756743403914,85.03401360544218,84.16905444126076,85.54313099041534,
2007-07-01,89.51942322598053,88.33901103049512,85.62925170068027,85.5300859598854,85.94249201277955,
2007-08-01,90.10014016452732,88.98089204651617,85.71428571428572,85.5300859598854,85.94249201277955,
2007-09-01,90.45163085627352,89.3855160757411,85.62925170068027,85.5300859598854,85.94249201277955,
2007-10-01,90.16063975816022,89.160500124787,87.15986394557824,86.96275071633238,87.69968051118211,
2007-11-01,90.62131679740872,89.55944820219405,87.15986394557824,87.03438395415472,87.61980830670927,
2007-12-01,91.74127659299576,90.60655054060813,87.0748299319728,86.96275071633238,87.69968051118211,
2008-01-01,91.98528461483684,90.80274535800787,87.41496598639455,87.10601719197709,87.93929712460063,
2008-02-01,92.23425486671648,90.9899771639321,87.41496598639455,87.10601719197709,87.93929712460063,
2008-03-01,93.17539762571097,91.8722576745282,87.41496598639455,87.10601719197709,88.01916932907349,
2008-04-01,93.52693349574909,92.16651501831831,87.75510204081634,87.67908309455588,88.17891373801918,
2008-05-01,94.81085860969122,93.57080792924761,87.67006802721087,87.67908309455588,88.17891373801918,
2008-06-01,95.03347682872626,93.92316251510368,87.67006802721087,87.67908309455588,88.17891373801918,
2008-07-01,96.01739528116565,95.02726061444133,89.88095238095238,89.18338108882521,89.29712460063898,
2008-08-01,96.52063454227293,95.67720978860899,89.88095238095238,89.18338108882521,89.29712460063898,
2008-09-01,96.60850633702003,95.91789325720399,89.96598639455783,89.18338108882521,89.29712460063898,
2008-10-01,95.48589231696803,94.95180008092044,93.96258503401361,92.47851002865329,93.05111821086261,
2008-11-01,94.03005962017241,93.56546682834377,93.87755102040816,92.47851002865329,93.05111821086261,
2008-12-01,93.5334065839738,93.13549110156718,93.87755102040816,92.40687679083095,93.05111821086261,
2009-01-01,93.06131589719658,92.73810719517205,95.06802721088435,93.83954154727793,94.3290734824281,
2009-02-01,92.53037827687396,92.16795092609851,95.06802721088435,93.62464183381088,94.24920127795528,
2009-03-01,91.91344316031676,91.50895779744332,94.30272108843538,93.55300859598854,94.24920127795528,
2009-04-01,91.68707851300285,91.24381558943216,93.02721088435375,92.55014326647564,93.61022364217251,
2009-05-01,91.30951902761271,90.9002273272953,93.02721088435375,92.621776504298,93.370607028754,
2009-06-01,91.51827530433532,91.14231122671158,92.17687074829934,92.26361031518626,93.29073482428115,91.15770282588879
2009-07-01,91.51787689485724,91.17332236723998,89.62585034013605,89.04011461318052,90.49520766773162,89.4257064721969
2009-08-01,92.12020706384949,91.88138931813737,89.45578231292518,89.04011461318052,90.41533546325878,89.24339106654513
2009-09-01,92.0066955780899,91.87510964472652,89.28571428571429,88.75358166189112,90.0958466453674,88.96991795806744
2009-10-01,92.53382489480508,92.50986603422123,89.79591836734694,88.68194842406876,90.01597444089457,89.15223336371922
2009-11-01,92.39098341673298,92.38179715580385,89.62585034013605,88.68194842406876,90.01597444089457,89.06107566089334
2009-12-01,93.05830966099549,93.06391020593337,89.45578231292518,88.61031518624642,89.93610223642172,88.96991795806744
2010-01-01,93.41350209646619,93.43396059377336,89.45578231292518,88.46704871060173,89.93610223642172,89.15223336371922
2010-02-01,93.66550626732074,93.55682834618376,89.37074829931973,88.32378223495702,89.93610223642172,89.15223336371922
2010-03-01,94.01983391807032,93.78272280289116,89.20068027210885,88.25214899713467,89.69648562300318,88.96991795806744
2010-04-01,94.28450393592908,93.92122649371223,89.37074829931973,88.32378223495702,89.69648562300318,89.24339106654513
2010-05-01,94.32594601314582,93.9677405420097,89.37074829931973,88.32378223495702,89.69648562300318,89.24339106654513
2010-06-01,94.04706403685623,93.69590180093562,89.20068027210885,88.32378223495702,89.69648562300318,89.15223336371922
2010-07-01,94.10893489191879,93.76058332107407,89.54081632653062,88.53868194842407,89.77635782747603,89.24339106654513
2010-08-01,94.16987943244033,93.95084913901077,89.54081632653062,88.46704871060173,89.69648562300318,89.15223336371922
2010-09-01,94.36075585065744,94.27212289828434,89.54081632653062,88.46704871060173,89.61661341853035,89.15223336371922
2010-10-01,94.60990734078389,94.65239243381703,89.79591836734694,88.89684813753581,89.93610223642172,89.51686417502279
2010-11-01,94.64084251752787,94.70242182873059,89.79591836734694,88.89684813753581,89.69648562300318,89.4257064721969
2010-12-01,95.09962369247168,95.18093369939325,89.79591836734694,88.96848137535818,89.69648562300318,89.4257064721969
2011-01-01,95.77711970912499,95.87767457893541,89.88095238095238,89.11174785100287,90.17571884984025,89.88149498632635
2011-02-01,96.53358387534205,96.45536985184131,89.62585034013605,89.11174785100287,90.33546325878594,89.79033728350045
2011-03-01,97.33043543560552,97.07471738362992,89.62585034013605,89.11174785100287,90.41533546325878,89.88149498632635
2011-04-01,97.61037661597327,97.17801212253573,90.39115646258503,89.82808022922637,91.13418530351437,90.61075660893346
2011-05-01,97.44178651332483,97.04382226946926,90.39115646258503,89.82808022922637,91.05431309904152,90.61075660893346
2011-06-01,97.32054478002496,96.95672162346011,90.39115646258503,89.82808022922637,91.05431309904152,90.61075660893346
2011-07-01,97.82300243531614,97.49042483753773,91.58163265306123,90.90257879656161,91.93290734824281,91.61349134001823
2011-08-01,98.07714528495343,97.76228784533969,91.58163265306123,90.90257879656161,92.01277955271566,91.70464904284411
2011-09-01,98.14975758630344,97.85442941750843,91.49659863945578,90.90257879656161,91.93290734824281,91.61349134001823
2011-10-01,97.71556688833618,97.43997141463225,92.77210884353741,92.33524355300861,93.05111821086261,92.98085688240656
2011-11-01,97.66297338871452,97.41684393826773,92.68707482993199,92.33524355300861,93.21086261980831,93.07201458523244
2011-12-01,97.65092779325366,97.43182493917656,92.43197278911566,92.33524355300861,93.13099041533546,92.98085688240656
2012-01-01,97.74355506965232,97.55417420011048,93.02721088435375,92.83667621776505,93.84984025559106,93.61896080218779
2012-02-01,98.49835972254392,98.21541506987658,93.11224489795919,92.83667621776505,93.84984025559106,93.61896080218779
2012-03-01,98.56548781025167,98.18839711271221,93.28231292517007,93.12320916905445,93.84984025559106,93.71011850501367
2012-04-01,98.79149218346555,98.32285678766627,93.62244897959184,93.69627507163325,94.24920127795528,94.16590701914312
2012-05-01,98.69493674171687,98.22415071154266,93.5374149659864,93.98280802292264,94.24920127795528,94.16590701914312
2012-06-01,98.1651845226173,97.69281579158176,93.45238095238096,93.98280802292264,94.24920127795528,94.16590701914312
2012-07-01,98.07366868086478,97.5958196336214,93.45238095238096,94.19770773638969,94.24920127795528,94.16590701914312
2012-08-01,98.0867675678405,97.6825547682728,93.45238095238096,94.34097421203438,94.24920127795528,94.257064721969
2012-09-01,98.38006358193248,98.04746603140877,93.28231292517007,94.34097421203438,94.16932907348243,94.16590701914312
2012-10-01,98.18281066492092,97.92574816082362,93.70748299319729,94.69914040114614,94.3290734824281,94.3482224247949
2012-11-01,98.02031245238541,97.73726467901552,93.70748299319729,94.69914040114614,94.3290734824281,94.3482224247949
2012-12-01,98.59889106703368,98.28727753443589,93.70748299319729,94.69914040114614,94.3290734824281,94.3482224247949
2013-01-01,98.73592272529321,98.39963544609407,94.30272108843538,95.48710601719199,94.80830670926518,94.80401093892434
2013-02-01,98.94243639837606,98.49557421891157,94.30272108843538,95.27220630372493,94.80830670926518,94.80401093892434
2013-03-01,99.04310210350454,98.48767408572314,94.38775510204081,95.27220630372493,94.80830670926518,94.71285323609845
2013-04-01,99.2521943156321,98.5880242377248,94.89795918367346,95.70200573065902,95.0479233226837,95.1686417502279
2013-05-01,99.05517624956235,98.39561552011324,94.98299319727892,96.48997134670486,94.96805111821087,95.25979945305379
2013-06-01,98.82827653482269,98.17255009969794,95.06802721088435,96.48997134670486,95.0479233226837,95.25979945305379
2013-07-01,99.02473813826099,98.36754138713356,95.57823129251702,96.99140401146133,95.52715654952077,95.80674567000911
2013-08-01,99.04888133667829,98.45866679188886,95.57823129251702,96.99140401146133,95.44728434504792,95.80674567000911
2013-09-01,98.72154687263613,98.19712233588673,95.74829931972789,96.99140401146133,95.44728434504792,95.98906107566089
2013-10-01,98.98816478375431,98.53184371379925,97.53401360544218,97.06303724928367,96.88498402555909,97.26526891522333
2013-11-01,99.25188800835079,98.90225319030867,97.44897959183673,97.42120343839542,96.88498402555909,97.35642661804921
2013-12-01,99.29668876319921,99.05058983427509,97.53401360544218,97.42120343839542,96.96485623003196,97.44758432087511
2014-01-01,99.5422096365224,99.40449219461813,98.04421768707483,97.99426934097423,97.52396166134186,97.99453053783044
2014-02-01,100.23657872416021,100.01723930629716,98.04421768707483,97.92263610315186,97.52396166134186,98.08568824065634
2014-03-01,99.66858076209715,99.37154568334164,98.12925170068029,98.35243553008597,97.52396166134186,98.08568824065634
2014-04-01,99.77374605710085,99.39684619615598,98.29931972789116,98.49570200573066,97.92332268370606,98.35916134913401
2014-05-01,100.13288586272988,99.73663748720487,98.29931972789116,98.63896848137536,97.92332268370606,98.4503190519599
2014-06-01,100.01640541183718,99.60025582601162,98.38435374149661,98.71060171919773,97.92332268370606,98.54147675478578
2014-07-01,100.26860108219707,99.83108343011082,98.89455782312926,99.21203438395416,98.40255591054313,98.81494986326345
2014-08-01,100.15610338601158,99.77155379628653,98.89455782312926,99.14040114613182,98.40255591054313,98.90610756608933
2014-09-01,100.52227012344397,100.18923652627254,98.9795918367347,99.06876790830947,98.40255591054313,98.90610756608933
2014-10-01,100.65870961410992,100.3797047725107,99.40476190476191,99.5702005730659,99.20127795527156,99.45305378304467
2014-11-01,100.48254210456923,100.29633143829248,99.48979591836735,99.49856733524356,99.04153354632588,99.45305378304467
2014-12-01,100.49403653709055,100.4005854730456,99.40476190476191,99.64183381088824,99.04153354632588,99.54421148587056
2015-01-01,100.00000000000003,100.00000000000003,100.0,100.0,100.0,100.0
2015-02-01,100.06996123410379,100.00977320120083,100.0,100.0,100.0,100.0
2015-03-01,100.4152481337064,100.29389448449415,100.08503401360545,100.0,100.0,100.0
2015-04-01,100.37818606953964,100.19635555596346,99.91496598639456,99.8567335243553,100.15974440894568,100.0
2015-05-01,100.35857025788042,100.14288403432991,100.17006802721089,99.92836676217766,100.15974440894568,100.09115770282588
2015-06-01,100.23376811053322,99.98466775557581,100.17006802721089,100.2865329512894,100.07987220447284,100.09115770282588
2015-07-01,100.06787461890023,99.78355632544141,100.93537414965988,100.85959885386822,100.79872204472844,100.63810391978123
2015-08-01,100.11720123949806,99.8779020199179,100.85034013605443,100.85959885386822,100.79872204472844,100.72926162260711
2015-09-01,99.73815842794782,99.54568767700572,100.68027210884354,100.93123209169055,100.79872204472844,100.72926162260711
2015-10-01,99.71217215363146,99.56513384149517,101.36054421768708,101.86246418338108,101.75718849840256,101.64083865086599
2015-11-01,99.38003046178856,99.27334047033473,101.44557823129252,101.79083094555874,101.6773162939297,101.5496809480401
2015-12-01,99.25228133647074,99.1862351600824,101.61564625850342,101.79083094555874,101.59744408945687,101.64083865086599
2016-01-01,98.90553466525395,98.88056292676917,101.27551020408163,101.50429799426934,101.59744408945687,101.18505013673655
2016-02-01,98.97384256845065,98.92845444203007,101.19047619047619,101.50429799426934,101.43769968051117,101.18505013673655
2016-03-01,99.2946793397236,99.22829579711751,101.19047619047619,101.36103151862466,101.19808306709265,101.09389243391067
2016-04-01,99.53272152276406,99.44564231073387,101.87074829931973,102.72206303724928,102.31629392971244,102.09662716499544
2016-05-01,99.68943975991354,99.66916219190367,101.44557823129252,102.57879656160458,102.3961661341853,102.00546946216956
2016-06-01,99.52283029792844,99.56939781035734,101.36054421768708,102.72206303724928,102.3961661341853,102.09662716499544
2016-07-01,99.58656782506534,99.70064763641757,100.51020408163266,102.07736389684814,102.23642172523961,101.36736554238833
2016-08-01,99.95654367679376,100.0774836767625,100.51020408163266,102.07736389684814,102.23642172523961,101.36736554238833
2016-09-01,99.6892686436322,99.81740917211914,100.68027210884354,102.07736389684814,102.15654952076679,101.36736554238833
2016-10-01,99.8762258823507,100.01162359944247,101.53061224489797,103.15186246418338,102.9552715654952,102.27894257064722
2016-11-01,99.54684711140227,99.66678922821808,101.53061224489797,103.15186246418338,103.03514376996804,102.18778486782132
2016-12-01,100.61949062480923,100.72510874911134,101.61564625850342,103.08022922636104,102.9552715654952,102.09662716499544
2017-01-01,100.98739548779253,101.07804430709405,101.95578231292517,103.4383954154728,103.5143769968051,102.461257976299
2017-02-01,100.93264210035744,100.98627032280444,101.95578231292517,103.51002865329512,103.5143769968051,102.461257976299
2017-03-01,101.04656257283719,101.06355632189465,102.04081632653062,103.65329512893982,103.5143769968051,102.55241567912488
2017-04-01,101.4430580180977,101.42316006587453,102.72108843537416,104.58452722063039,103.91373801916932,103.09936189608023
2017-05-01,101.45228927885736,101.50756233452263,102.8061224489796,104.58452722063039,103.99361022364215,103.1905195989061
2017-06-01,101.500268452906,101.63112562962002,102.72108843537416,104.87106017191978,104.07348242811503,103.28167730173199
2017-07-01,101.5523659149215,101.75994530738363,104.93197278911566,106.16045845272207,104.9520766773163,104.74020054694621
2017-08-01,102.08921404072309,102.32807008208415,104.76190476190477,106.23209169054442,105.11182108626198,104.74020054694621
2017-09-01,102.55920435082145,102.83138568839998,104.84693877551021,106.30372492836678,105.11182108626198,104.74020054694621
2017-10-01,102.8156099971373,103.11738271887955,105.44217687074831,106.66189111747852,105.59105431309904,105.28714676390155
2017-11-01,102.9521643565511,103.26806142336284,105.52721088435375,106.51862464183381,105.59105431309904,105.28714676390155
2017-12-01,103.44731778021092,103.78062129804017,105.6122448979592,106.73352435530086,105.67092651757189,105.28714676390155
2018-01-01,103.69193911584648,104.03927140758373,106.54761904761905,107.5214899713467,106.54952076677317,106.19872379216045
2018-02-01,104.23630312236278,104.50822583860901,106.54761904761905,107.59312320916905,106.54952076677317,106.19872379216045
2018-03-01,105.12429969280946,105.31938244580176,106.54761904761905,107.59312320916905,106.629392971246,106.28988149498633
2018-04-01,106.0263337242716,106.14524202890054,107.73809523809526,108.30945558739256,108.14696485623003,107.56608933454876
2018-05-01,106.96682221548224,107.18594378823678,107.73809523809526,108.30945558739256,108.30670926517571,107.65724703737465
2018-06-01,107.01388987368064,107.33319711194875,107.99319727891157,108.59598853868195,108.62619808306708,107.83956244302644
2018-07-01,107.64946541926167,108.07314153383518,108.58843537414967,108.88252148997135,109.18530351437698,108.29535095715588
2018-08-01,107.91869587024104,108.42953699700226,108.58843537414967,109.02578796561603,109.26517571884983,108.38650865998176
2018-09-01,108.0307261030252,108.63509557372697,108.6734693877551,109.24068767908311,109.42492012779552,108.47766636280764
2018-10-01,108.02054548918898,108.71332615200538,111.56462585034012,110.02865329512895,111.34185303514377,110.75660893345487
2018-11-01,108.11005142853807,108.72791006517542,111.98979591836735,111.10315186246417,111.50159744408946,110.93892433910666
2018-12-01,108.92910951228332,109.48043781672322,111.81972789115646,111.03151862464185,111.58146964856228,110.93892433910666
2019-01-01,108.982384130922,109.45485481533682,112.84013605442176,111.53295128939828,112.38019169329073,111.85050136736554
2019-02-01,109.37978292843576,109.80196658090931,112.84013605442176,111.38968481375358,112.30031948881789,111.75934366453966
2019-03-01,109.5812494830851,109.95259703105609,112.84013605442176,111.46131805157593,112.38019169329073,111.94165907019142
2019-04-01,110.12810758166549,110.44890496597004,115.1360544217687,113.75358166189113,113.4185303514377,113.49134001823154
2019-05-01,110.14219464356239,110.39648400718454,115.1360544217687,113.89684813753583,113.57827476038338,113.67365542388332
2019-06-01,110.06351488144423,110.25119861634445,115.1360544217687,114.39828080229226,113.4185303514377,113.76481312670921
2019-07-01,110.35323576096965,110.47524606124364,115.81632653061224,115.32951289398281,114.45686900958466,114.58523245214221
2019-08-01,109.87618758030293,110.08155759700048,115.7312925170068,115.4727793696275,114.5367412140575,114.58523245214221
2019-09-01,109.97319354745191,110.26307719206618,115.90136054421771,115.83094555873924,114.69648562300318,114.767547857794
2019-10-01,109.92573871665417,110.30008717201947,116.75170068027212,115.97421203438397,115.01597444089458,115.13217866909753
2019-11-01,109.83468005085182,110.2094637579932,116.75170068027212,116.11747851002865,115.17571884984024,115.22333637192344
2019-12-01,110.17877297631549,110.55664465461739,116.83673469387756,116.11747851002865,115.57507987220446,115.4056517775752
2020-01-01,110.37970906765082,110.75596668186476,117.43197278911566,116.4756446991404,116.05431309904155,115.95259799453055
2020-02-01,111.08046540570649,111.35519947357353,117.43197278911566,116.61891117478511,116.2140575079872,116.13491340018231
2020-03-01,111.20923371498014,111.38063530566271,117.34693877551021,116.61891117478511,116.2140575079872,116.0437556973564
2020-04-01,111.17212998178793,111.24015567001426,118.5374149659864,116.61891117478511,116.5335463258786,116.77301731996353
2020-05-01,110.82641530485866,111.0238671960546,118.5374149659864,115.90257879656163,116.69329073482429,116.77301731996353
2020-06-01,110.7806523767825,111.10827700578827,118.45238095238098,115.75931232091689,116.69329073482429,116.59070191431175
2020-07-01,111.32417613172734,111.78554125167011,119.38775510204083,116.04584527220632,117.17252396166134,117.31996353691885
2020-08-01,111.72052919405728,112.20987333722547,119.30272108843538,115.68767908309457,116.77316293929711,117.0464904284412
2020-09-01,111.81967736113818,112.33359304948507,119.21768707482994,115.61604584527221,116.69329073482429,116.86417502278941
2020-10-01,111.79738507426282,112.33682372705228,119.13265306122449,115.54441260744987,116.93290734824282,116.68185961713763
2020-11-01,112.39234888003766,112.90250704933977,118.87755102040818,116.04584527220632,117.33226837060704,116.86417502278941
2020-12-01,112.88624930355178,113.36840942671624,119.21768707482994,115.97421203438397,117.33226837060704,116.86417502278941
2021-01-01,113.773664086643,114.22377970748923,119.38775510204083,116.26074498567336,118.13099041533546,117.13764813126708
2021-02-01,115.06288696742189,115.50395754584434,119.55782312925169,115.97421203438397,118.69009584664536,117.31996353691885
2021-03-01,116.16243075301252,116.59213441755445,119.64285714285714,116.26074498567336,120.0479233226837,117.77575205104831
2021-04-01,118.23396254333976,118.65848776653705,120.49319727891157,118.6246418338109,121.32587859424919,119.4165907019143
2021-05-01,119.64566727564767,120.23470973106704,120.57823129251702,119.69914040114614,122.92332268370608,120.05469462169552
2021-06-01,122.47156230021794,123.22437797878467,120.83333333333333,120.55873925501434,123.0031948881789,120.14585232452141
2021-07-01,124.00624681699881,124.92930219381653,123.7763605442177,123.81160458452723,125.08546325878594,122.30173199635368
2021-08-01,125.92446419009016,126.88205559563588,124.24234693877551,123.93767908309457,125.46645367412141,122.57520510483135
2021-09-01,127.68928797117209,128.68123643514897,124.52551020408164,123.92406876790831,125.85463258785943,122.75660893345486
2021-10-01,129.7876267279418,130.8097359218504,134.09778911564626,140.18194842406876,132.35862619808304,130.66180492251596
2021-11-01,131.34359881937067,132.44312482757368,134.72448979591837,139.7256446991404,132.8258785942492,131.09480401093893
2021-12-01,132.5230735589621,133.70969036662595,135.14455782312928,139.87249283667623,133.6749201277955,131.34639927073837
2022-01-01,134.7194961560332,135.99358074453843,140.04166666666666,148.8295128939828,138.3258785942492,135.89881494986324
2022-02-01,136.9081429531938,138.11536060621245,140.7278911564626,149.26289398280804,140.0255591054313,136.63081130355513
2022-03-01,138.8573513581772,140.0010232032447,141.06802721088434,149.78151862464185,141.314696485623,137.4147675478578
2022-04-01,141.1157342393573,142.20080046252784,147.37074829931973,156.76289398280804,145.25399361022363,142.71285323609845
2022-05-01,142.73460503222748,143.93226700922708,148.35884353741497,156.60458452722062,146.06150159744408,143.12306289881496
2022-06-01,144.41178017593865,145.7200676079496,149.33163265306123,156.35601719197706,147.75718849840254,143.86508659981766
2022-07-01,145.4051554596485,146.82872349706733,158.1420068027211,165.15759312320915,155.01198083067092,151.8049225159526
2022-08-01,146.26187289127998,147.781163008114,158.32823129251702,165.15902578796565,155.35303514376997,152.0419325432999
2022-09-01,146.37675760007735,147.9912005190314,158.54591836734693,165.67048710601722,155.65974440894567,152.3901549680948
2022-10-01,145.7390968600091,147.44590210441365,163.01700680272108,168.9749283667622,159.1405750798722,156.61349134001824
2022-11-01,147.70208488541434,149.35911610120309,162.92857142857144,169.4842406876791,159.27156549520765,156.70647219690065
2022-12-01,148.41098902114123,150.0285170453352,162.78146258503403,169.09455587392551,159.8290734824281,156.76390154968095
2023-01-01,148.9241331867722,150.48862442270433,164.94897959183675,169.01934097421204,165.94329073482427,159.74020054694623
2023-02-01,149.79164668265568,151.342294418703,165.26785714285714,168.4512893982808,166.1789137380192,159.77848678213306
2023-03-01,150.5763118651884,152.107384180032,165.45918367346943,168.14899713467048,166.54712460063897,159.94074749316317
2023-04-01,151.4440661168413,152.964364614397,164.6377551020408,167.68696275071636,166.86980830670925,159.64995442114858
2023-05-01,151.5244913730855,153.19724823962665,164.6947278911565,168.36962750716333,166.98402555910542,159.792160437557
2023-06-01,151.52787073956463,153.34829314614478,164.9923469387755,168.6368194842407,166.94568690095846,159.82588878760257
2023-07-01,154.89086265870267,156.88543878547043,162.52806122448982,167.4054441260745,163.90495207667732,157.85232452142205
2023-08-01,156.2981448703494,158.32838896701648,162.6454081632653,167.51432664756447,164.2164536741214,157.99179580674567
2023-09-01,154.80444942745342,156.86562394128563,163.58928571428572,167.49570200573066,164.07827476038338,158.07930720145853
2023-10-01,155.5196736829136,157.6125000422717,163.6309523809524,166.69126074498567,163.40255591054313,157.67000911577028
2023-11-01,156.08045226374344,158.17518360995163,163.45833333333334,166.56160458452723,163.10623003194888,157.38195077484048
2023-12-01,156.3692140495005,158.4782457555528,163.51190476190476,166.4634670487106,163.40255591054313,157.43755697356428
2024-01-01,157.24686357554458,159.36624718718383,164.17857142857144,166.8008595988539,163.83067092651757,157.9088422971741
2024-02-01,157.15803606875184,159.39695576376974,163.11394557823132,167.09455587392551,163.91853035143768,157.85232452142205
2024-03-01,156.96649469554026,159.3406035916431,163.22108843537418,167.16547277936965,164.43130990415335,157.98997265268915
2024-04-01,157.2377682092954,159.76002256877803,163.01870748299322,167.67765042979943,163.8761980830671,158.0483135824977
2024-05-01,157.7250326700353,160.2821183927714,163.7278911564626,167.66547277936962,163.94249201277955,158.07292616226073
2024-06-01,158.01895385520987,160.60948701476403,163.85969387755102,167.53295128939828,165.68210862619807,158.60528714676389
2024-07-01,158.51360163320348,161.15966897783693,163.97278911564626,167.7106017191977,167.68929712460064,159.82953509571558
2024-08-01,158.95606171671142,161.72414125830988,163.97704081632654,167.61891117478513,167.2859424920128,159.77666362807656
2024-09-01,158.53105288755208,161.44548121482967,164.125,167.56590257879657,167.8346645367412,159.96080218778485
2024-10-01,158.6163224839414,161.66593167289918,163.0110544217687,167.1755014326648,167.73402555910542,159.60802187784867
2024-11-01,158.58796062588243,161.51082050258015,163.11904761904762,167.03438395415472,167.7356230031949,159.61257976298998
2024-12-01,158.93920981681163,161.7652635692327,163.45578231292518,167.27077363896848,167.91134185303514,159.86964448495897
2025-01-01,159.4982954619314,162.20246146624305,163.84778911564626,167.3409742120344,168.94808306709263,160.99179580674567
2025-02-01,159.70400958142858,162.36773994768663,164.1811224489796,167.3567335243553,168.51597444089458,160.8404740200547
2025-03-01,160.9010583405118,163.5291514969694,164.25510204081633,167.6862464183381,168.78514376996804,160.62443026435736
2025-04-01,164.02831123940075,166.63397962819607,163.51020408163265,167.3051575931232,167.72284345047922,159.96991795806744
2025-05-01,165.52741323978083,168.1906797795601,164.0561224489796,167.26074498567337,168.40654952076676,160.24521422060164
2026-06-01,170.88824966991962,174.01068748868556,170.8673469387755,171.67191977077366,174.90654952076676,165.9735642661805
2026-07-01,172.57092857060445,175.71154652223075,174.97534013605443,175.37965616045847,179.33785942492014,169.7383773928897
